Date,Temperature
2024-01-01,24.5
2024-01-02,25.1
2024-01-03,24.8
2024-01-04,26.0
2024-01-05,26.5
2024-01-06,27.1
2024-01-07,26.8
2024-01-08,25.9
2024-01-09,25.4
2024-01-10,24.9
2024-01-11,25.3
2024-01-12,26.1
2024-01-13,26.7
2024-01-14,27.2
2024-01-15,27.5
2024-01-16,27.0
2024-01-17,26.4
2024-01-18,25.8
2024-01-19,25.2
2024-01-20,24.7
2024-01-21,24.3
2024-01-22,24.8
2024-01-23,25.6
2024-01-24,26.2
2024-01-25,26.9
2024-01-26,27.4
2024-01-27,27.8
2024-01-28,27.3
2024-01-29,26.7
2024-01-30,26.0
2024-01-31,25.5
2024-02-01,25.0
2024-02-02,25.4
2024-02-03,26.1
2024-02-04,26.8
2024-02-05,27.3
2024-02-06,27.7
2024-02-07,28.1
2024-02-08,27.6
2024-02-09,27.0
2024-02-10,26.5
2024-02-11,26.0
2024-02-12,26.4
2024-02-13,27.1
2024-02-14,27.8
2024-02-15,28.3
2024-02-16,28.7
2024-02-17,28.2
2024-02-18,27.5
2024-02-19,27.0
2024-02-20,26.4
2024-02-21,25.9
2024-02-22,26.2
2024-02-23,26.9
2024-02-24,27.6
2024-02-25,28.0
2024-02-26,28.5
2024-02-27,28.9
2024-02-28,28.4
2024-02-29,27.8
2024-03-01,27.2
2024-03-02,26.8
2024-03-03,27.1
2024-03-04,27.9
2024-03-05,28.5
2024-03-06,29.0
2024-03-07,29.4
2024-03-08,29.0
2024-03-09,28.5
2024-03-10,28.0
2024-03-11,27.6
2024-03-12,28.2
2024-03-13,28.8
2024-03-14,29.3
2024-03-15,29.8
2024-03-16,30.1
2024-03-17,29.7
2024-03-18,29.2
2024-03-19,28.6
2024-03-20,28.1
2024-03-21,28.5
2024-03-22,29.1
2024-03-23,29.7
2024-03-24,30.2
2024-03-25,30.6
2024-03-26,30.3
2024-03-27,29.8
2024-03-28,29.2
2024-03-29,28.7
2024-03-30,28.3
2024-03-31,28.8
2024-04-01,29.4
2024-04-02,30.0
2024-04-03,30.5
2024-04-04,31.0
2024-04-05,31.4
2024-04-06,31.0
2024-04-07,30.6
2024-04-08,30.1
2024-04-09,29.7
2024-04-10,30.2
2024-04-11,30.8
2024-04-12,31.3
2024-04-13,31.7
2024-04-14,32.1
2024-04-15,31.6
2024-04-16,31.0
2024-04-17,30.5
2024-04-18,30.0
2024-04-19,29.6
2024-04-20,30.1
2024-04-21,30.7
2024-04-22,31.2
2024-04-23,31.8
2024-04-24,32.2
2024-04-25,31.9
2024-04-26,31.4
2024-04-27,30.8
2024-04-28,30.3
2024-04-29,29.9
2024-04-30,30.4
2024-05-01,30.9
2024-05-02,31.5
2024-05-03,32.0
2024-05-04,32.4
2024-05-05,32.0
2024-05-06,31.5
2024-05-07,31.0
2024-05-08,30.6
2024-05-09,31.1
2024-05-10,31.7
2024-05-11,32.2
2024-05-12,32.6
2024-05-13,32.9
2024-05-14,32.5
2024-05-15,32.0
2024-05-16,31.4
2024-05-17,30.9
2024-05-18,30.5
2024-05-19,31.0
2024-05-20,31.6
2024-05-21,32.1
2024-05-22,32.5
2024-05-23,32.8
2024-05-24,32.3
2024-05-25,31.8
2024-05-26,31.2
2024-05-27,30.7
2024-05-28,30.3
2024-05-29,30.8
2024-05-30,31.4
2024-05-31,31.9
2024-06-01,30.8
2024-06-02,30.2
2024-06-03,29.7
2024-06-04,30.1
2024-06-05,30.6
2024-06-06,31.0
2024-06-07,30.5
2024-06-08,29.9
2024-06-09,29.4
2024-06-10,29.8
2024-06-11,30.3
2024-06-12,30.7
2024-06-13,31.2
2024-06-14,30.8
2024-06-15,30.1
2024-06-16,29.6
2024-06-17,29.2
2024-06-18,29.7
2024-06-19,30.2
2024-06-20,30.6
2024-06-21,31.0
2024-06-22,30.5
2024-06-23,29.9
2024-06-24,29.4
2024-06-25,29.8
2024-06-26,30.3
2024-06-27,30.7
2024-06-28,31.1
2024-06-29,30.6
2024-06-30,30.0
2024-07-01,29.5
2024-07-02,29.0
2024-07-03,28.7
2024-07-04,29.2
2024-07-05,29.8
2024-07-06,30.2
2024-07-07,29.7
2024-07-08,29.1
2024-07-09,28.6
2024-07-10,29.0
2024-07-11,29.5
2024-07-12,30.0
2024-07-13,30.4
2024-07-14,29.9
2024-07-15,29.3
2024-07-16,28.8
2024-07-17,28.4
2024-07-18,28.9
2024-07-19,29.4
2024-07-20,29.8
2024-07-21,30.2
2024-07-22,29.7
2024-07-23,29.1
2024-07-24,28.6
2024-07-25,29.0
2024-07-26,29.5
2024-07-27,30.0
2024-07-28,30.4
2024-07-29,29.9
2024-07-30,29.3
2024-07-31,28.8
2024-08-01,28.5
2024-08-02,29.0
2024-08-03,29.5
2024-08-04,30.0
2024-08-05,30.4
2024-08-06,29.9
2024-08-07,29.3
2024-08-08,28.8
2024-08-09,28.4
2024-08-10,28.9
2024-08-11,29.4
2024-08-12,29.9
2024-08-13,30.3
2024-08-14,29.8
2024-08-15,29.2
2024-08-16,28.7
2024-08-17,28.3
2024-08-18,28.8
2024-08-19,29.3
2024-08-20,29.8
2024-08-21,30.2
2024-08-22,29.7
2024-08-23,29.1
2024-08-24,28.6
2024-08-25,29.0
2024-08-26,29.5
2024-08-27,30.0
2024-08-28,30.4
2024-08-29,29.9
2024-08-30,29.3
2024-08-31,28.8
2024-09-01,28.5
2024-09-02,29.0
2024-09-03,29.5
2024-09-04,30.0
2024-09-05,30.4
2024-09-06,29.9
2024-09-07,29.3
2024-09-08,28.8
2024-09-09,28.4
2024-09-10,28.9
2024-09-11,29.4
2024-09-12,29.9
2024-09-13,30.3
2024-09-14,29.8
2024-09-15,29.2
2024-09-16,28.7
2024-09-17,28.3
2024-09-18,28.8
2024-09-19,29.3
2024-09-20,29.8
2024-09-21,30.2
2024-09-22,29.7
2024-09-23,29.1
2024-09-24,28.6
2024-09-25,29.0
2024-09-26,29.5
2024-09-27,30.0
2024-09-28,30.4
2024-09-29,29.9
2024-09-30,29.3
2024-10-01,28.8
2024-10-02,29.3
2024-10-03,29.8
2024-10-04,30.3
2024-10-05,30.7
2024-10-06,30.2
2024-10-07,29.6
2024-10-08,29.1
2024-10-09,28.7
2024-10-10,29.2
2024-10-11,29.7
2024-10-12,30.2
2024-10-13,30.6
2024-10-14,30.1
2024-10-15,29.5
2024-10-16,29.0
2024-10-17,28.6
2024-10-18,29.1
2024-10-19,29.6
2024-10-20,30.1
2024-10-21,30.5
2024-10-22,30.0
2024-10-23,29.4
2024-10-24,28.9
2024-10-25,29.3
2024-10-26,29.8
2024-10-27,30.3
2024-10-28,30.7
2024-10-29,30.2
2024-10-30,29.6
2024-10-31,29.1
2024-11-01,28.7
2024-11-02,29.2
2024-11-03,29.7
2024-11-04,30.2
2024-11-05,30.6
2024-11-06,30.1
2024-11-07,29.5
2024-11-08,29.0
2024-11-09,28.6
2024-11-10,29.1
2024-11-11,29.6
2024-11-12,30.1
2024-11-13,30.5
2024-11-14,30.0
2024-11-15,29.4
2024-11-16,28.9
2024-11-17,28.5
2024-11-18,29.0
2024-11-19,29.5
2024-11-20,30.0
2024-11-21,30.4
2024-11-22,29.9
2024-11-23,29.3
2024-11-24,28.8
2024-11-25,29.2
2024-11-26,29.7
2024-11-27,30.2
2024-11-28,30.6
2024-11-29,30.1
2024-11-30,29.5
2024-12-01,29.0
2024-12-02,29.5
2024-12-03,30.0
2024-12-04,30.5
2024-12-05,30.9
2024-12-06,30.4
2024-12-07,29.8
2024-12-08,29.3
2024-12-09,28.9
2024-12-10,29.4
2024-12-11,29.9
2024-12-12,30.4
2024-12-13,30.8
2024-12-14,30.3
2024-12-15,29.7
2024-12-16,29.2
2024-12-17,28.8
2024-12-18,29.3
2024-12-19,29.8
2024-12-20,30.3
2024-12-21,30.7
2024-12-22,30.2
2024-12-23,29.6
2024-12-24,29.1
2024-12-25,29.5
2024-12-26,30.0
2024-12-27,30.5
2024-12-28,30.9
2024-12-29,30.4
2024-12-30,29.8
2024-12-31,29.3